CAD Net,X1 (in),Y1 (in),X2 (in),Y2 (in),Width (in),Layer,Xarc (in),Yarc (in),Radius (in)
3V3,31.733288,16.032282,31.733288,17.177662,0.011811,"Bottom Layer",,,
2V5,31.880601,17.011181,31.880601,17.01852,0.011811,"Bottom Layer",,,
2V5,31.880601,16.902131,31.880601,17.010974,0.011811,"Bottom Layer",,,
2V5,31.880601,17.010974,31.880807,17.011181,0.011811,"Bottom Layer",,,
12V,31.816839,15.662133,32.05415,15.424822,0.023622,"Bottom Layer",,,
12V,32.05415,15.424822,32.199574,15.424822,0.023622,"Bottom Layer",,,
VREFSD+,31.410661,16.51539,31.543307,16.51539,0.009842,"Bottom Layer",,,
VREFSD+,31.338724,16.587328,31.410661,16.51539,0.009842,"Bottom Layer",,,
VDD,30.865078,16.343867,30.867121,16.343867,0.01,"Bottom Layer",,,
VDD,30.867121,16.343867,31.013326,16.197661,0.01,"Bottom Layer",,,
VDD,31.013326,16.197661,31.015369,16.197661,0.01,"Bottom Layer",,,
2V5,31.879414,17.154293,31.879414,17.252118,0.011811,"Bottom Layer",,,
2V5,31.879414,17.018727,31.879414,17.154293,0.011811,"Bottom Layer",,,
2V5,31.879414,16.109552,31.879414,16.2469,0.011811,"Bottom Layer",,,
2V5,31.879414,16.900945,31.880601,16.902131,0.011811,"Bottom Layer",,,
2V5,31.879414,15.992698,31.879414,16.109552,0.011811,"Bottom Layer",,,
2V5,31.879414,16.448319,31.879414,16.900945,0.011811,"Bottom Layer",,,
2V5,31.879414,16.2469,31.879414,16.448319,0.011811,"Bottom Layer",,,
NRST,30.888779,16.566571,30.888779,17.297023,0.009842,"Bottom Layer",,,
NRST,30.758858,16.43665,30.888779,16.566571,0.009842,"Bottom Layer",,,
NRST,30.888779,17.297023,30.936887,17.34513,0.009842,"Bottom Layer",,,
12V,31.816839,15.662133,31.816839,17.882913,0.023622,"Bottom Layer",,,
NetU6_30,31.105948,16.691306,31.138694,16.724052,0.009842,"Bottom Layer",,,
NetU6_30,31.138694,16.724052,31.341535,16.724052,0.009842,"Bottom Layer",,,
NetU6_30,31.341535,16.724052,31.605352,16.987869,0.009842,"Bottom Layer",,,
NetU6_30,31.605352,16.987869,31.605352,17.790148,0.009842,"Bottom Layer",,,
VDD,31.274259,16.454238,31.274605,16.454584,0.01,"Bottom Layer",,,
VDD,31.015369,16.197661,31.271946,16.454238,0.01,"Bottom Layer",,,
VDD,31.271946,16.454238,31.274259,16.454238,0.01,"Bottom Layer",,,
VDD,31.015369,16.197661,31.015369,16.197661,0.01,"Bottom Layer",,,
3V3,32.340554,16.59628,32.483086,16.59628,0.011811,"Bottom Layer",,,
3V3,32.483086,16.59628,32.63009,16.449277,0.011811,"Bottom Layer",,,
3V3,32.035542,16.790872,32.230133,16.59628,0.011811,"Bottom Layer",,,
3V3,32.230133,16.59628,32.340554,16.59628,0.011811,"Bottom Layer",,,
SENSOR-5V-FB,32.318746,17.126185,32.318746,17.221662,0.01,"Bottom Layer",,,
SENSOR-5V-FB,32.946075,16.443358,33.022386,16.367047,0.01,"Bottom Layer",,,
SENSOR-5V-FB,32.388202,17.056729,32.573819,17.056729,0.01,"Bottom Layer",,,
SENSOR-5V-FB,32.318746,17.126185,32.388202,17.056729,0.01,"Bottom Layer",,,
SENSOR-5V-FB,32.946075,16.443358,32.946075,16.684472,0.01,"Bottom Layer",,,
SENSOR-5V-FB,32.573819,17.056729,32.946075,16.684472,0.01,"Bottom Layer",,,
SENSOR-5V-FB,33.022386,16.367047,33.090739,16.367047,0.01,"Bottom Layer",,,
AUX1-IN,32.377702,17.149291,32.377702,17.226942,0.007874,"Bottom Layer",,,
AUX1-IN,32.377702,17.149291,32.434029,17.092965,0.007874,"Bottom Layer",,,
AUX1-IN,32.434029,17.092965,33.140675,17.092965,0.007874,"Bottom Layer",,,
3V3,32.640016,17.118555,32.640016,17.444924,0.011811,"Bottom Layer",,,
3V3,32.443566,17.641375,32.640016,17.444924,0.011811,"Bottom Layer",,,
3V3,32.351378,17.641375,32.443566,17.641375,0.011811,"Bottom Layer",,,
3V3,32.035542,16.994972,32.035542,17.429869,0.011811,"Bottom Layer",,,
3V3,32.247047,17.641375,32.351378,17.641375,0.011811,"Bottom Layer",,,
3V3,32.035542,17.429869,32.247047,17.641375,0.011811,"Bottom Layer",,,
3V3,32.035542,16.790872,32.035542,16.994972,0.011811,"Bottom Layer",,,
3V3,32.63009,16.10221,32.63009,16.449277,0.011811,"Bottom Layer",,,
3V3,32.284672,16.137213,32.410804,16.137213,0.011811,"Bottom Layer",,,
3V3,32.445808,16.10221,32.63009,16.10221,0.011811,"Bottom Layer",,,
3V3,32.410804,16.137213,32.445808,16.10221,0.011811,"Bottom Layer",,,
3V3,32.25,16.138422,32.283464,16.138422,0.011811,"Bottom Layer",,,
3V3,32.212681,16.101103,32.25,16.138422,0.011811,"Bottom Layer",,,
3V3,32.035542,16.101103,32.212681,16.101103,0.011811,"Bottom Layer",,,
3V3,32.283464,16.138422,32.284672,16.137213,0.011811,"Bottom Layer",,,
SENSOR6-IN,32.369962,16.046399,32.449313,15.967047,0.01,"Bottom Layer",,,
SENSOR6-IN,32.369962,16.046399,32.369962,16.107402,0.01,"Bottom Layer",,,
SENSOR1-IN,32.308928,16.034951,32.423662,15.920217,0.01,"Bottom Layer",,,
SENSOR1-IN,32.308928,16.034951,32.308928,16.103903,0.01,"Bottom Layer",,,
SENSOR1-IN,32.423662,15.920217,33.148223,15.920217,0.01,"Bottom Layer",,,
SENSOR6-IN,32.449313,15.967047,33.090739,15.967047,0.01,"Bottom Layer",,,
AUX1-IN,33.140675,17.092965,33.193124,17.145414,0.007874,"Bottom Layer",,,
3V3,31.004921,16.006532,31.350579,15.660874,0.011811,"Bottom Layer",,,
3V3,31.350579,15.660874,31.505905,15.660874,0.011811,"Bottom Layer",,,
SELECT,31.664862,15.890882,31.665354,15.89039,0.009842,"Bottom Layer",,,
5V,31.960036,15.679333,31.960432,15.678938,0.023622,"Bottom Layer",,,
5V,31.960036,15.679333,31.960036,16.551845,0.023622,"Bottom Layer",,,
5V,31.95964,16.552241,31.960036,16.551845,0.023622,"Bottom Layer",,,
5V,33.229002,15.678938,33.31496,15.764896,0.023622,"Bottom Layer",,,
5V,31.960432,15.678938,33.229002,15.678938,0.023622,"Bottom Layer",,,
5V,33.193124,16.98073,33.31496,16.858894,0.023622,"Bottom Layer",,,
5V,33.31496,15.764896,33.31496,16.858894,0.023622,"Bottom Layer",,,
5V,33.193124,16.98073,33.193124,17.045414,0.023622,"Bottom Layer",,,
5V,33.175196,17.588267,33.182204,17.595275,0.023622,"Bottom Layer",,,
SENSOR-5V,32.540354,17.70043,32.894685,17.346099,0.019685,"Bottom Layer",,,
SENSOR-5V,32.894685,17.151217,32.894685,17.346099,0.019685,"Bottom Layer",,,
SENSOR-5V,32.16437,17.70043,32.540354,17.70043,0.019685,"Bottom Layer",,,
SENSOR4-IN,32.469926,16.784637,32.469926,16.880533,0.009842,"Bottom Layer",,,
SENSOR4-IN,32.469926,16.784637,32.934268,16.320295,0.009842,"Bottom Layer",,,
SENSOR4-IN,32.934268,16.320295,33.137491,16.320295,0.009842,"Bottom Layer",,,
SENSOR4-IN,33.137491,16.320295,33.190739,16.267047,0.009842,"Bottom Layer",,,
SENSOR9-IN,32.951098,16.267047,33.090739,16.267047,0.01,"Bottom Layer",,,
SENSOR9-IN,32.339567,16.878579,32.951098,16.267047,0.01,"Bottom Layer",,,
SENSOR9-IN,32.274478,16.878579,32.339567,16.878579,0.01,"Bottom Layer",,,
SENSOR1-IN,33.190739,15.962733,33.190739,15.967047,0.01,"Bottom Layer",,,
SENSOR1-IN,33.148223,15.920217,33.190739,15.962733,0.01,"Bottom Layer",,,
3V3,30.664283,18.034004,30.664399,18.03412,0.011811,"Bottom Layer",,,
3V3,30.715551,17.774537,30.715551,17.982968,0.011811,"Bottom Layer",,,
3V3,30.664399,18.03412,30.715551,17.982968,0.011811,"Bottom Layer",,,
3V3,30.614179,18.034004,30.664283,18.034004,0.011811,"Bottom Layer",,,
3V3,30.333661,17.782123,30.703704,17.782123,0.011811,"Bottom Layer",,,
3V3,30.703704,17.782123,30.711289,17.774537,0.011811,"Bottom Layer",,,
3V3,30.711289,17.774537,30.715551,17.774537,0.011811,"Bottom Layer",,,
2V5,31.877952,17.253579,31.879414,17.252118,0.011811,"Bottom Layer",,,
2V5,31.879414,15.992698,31.880876,15.991236,0.011811,"Bottom Layer",,,
3V3,31.733288,17.177662,31.733288,17.273996,0.011811,"Bottom Layer",,,
3V3,31.732324,17.27496,31.733288,17.273996,0.011811,"Bottom Layer",,,
3V3,31.733288,16.032282,31.734252,16.031318,0.011811,"Bottom Layer",,,
SELECT,31.664862,15.890882,31.664862,16.793441,0.009842,"Bottom Layer",,,
SELECT,31.66437,16.793933,31.664862,16.793441,0.009842,"Bottom Layer",,,
SELECT,31.133858,16.223067,31.466535,15.89039,0.009842,"Bottom Layer",,,
SELECT,31.466535,15.89039,31.665354,15.89039,0.009842,"Bottom Layer",,,
24V,29.988116,16.795902,29.988262,16.796048,0.023622,"Bottom Layer",,,
24V,29.824803,16.795902,29.988116,16.795902,0.023622,"Bottom Layer",,,
24V,29.920275,15.066571,32.394685,15.066571,0.023622,"Bottom Layer",,,
24V,32.537401,15.209288,32.537401,15.290981,0.023622,"Bottom Layer",,,
24V,32.394685,15.066571,32.537401,15.209288,0.023622,"Bottom Layer",,,
24V,29.653544,15.333302,29.920275,15.066571,0.023622,"Bottom Layer",,,
24V,29.653544,15.333302,29.653544,15.473596,0.023622,"Bottom Layer",,,
VCC-5V,30.584367,15.407875,30.760316,15.231926,0.009842,"Bottom Layer",,,
VCC-5V,30.760316,15.231926,30.956693,15.231926,0.009842,"Bottom Layer",,,
NetR4_2,30.761811,15.278185,30.976127,15.278185,0.007874,"Bottom Layer",,,
NetR4_2,30.976127,15.278185,31.066299,15.368358,0.007874,"Bottom Layer",,,
NRST,30.75686,16.010921,30.757859,16.01192,0.009842,"Bottom Layer",,,
NRST,30.757859,16.01192,30.757859,16.435651,0.009842,"Bottom Layer",,,
NRST,30.757859,16.435651,30.758858,16.43665,0.009842,"Bottom Layer",,,
24V,29.653544,15.473596,29.742126,15.562178,0.023622,"Bottom Layer",,,
24V,29.742126,15.562178,29.742126,15.81907,0.023622,"Bottom Layer",,,
24V,29.65256,15.908636,29.742126,15.81907,0.023622,"Bottom Layer",,,
24V,29.65256,15.913029,29.742126,16.002595,0.023622,"Bottom Layer",,,
24V,29.653544,16.34958,29.742126,16.260999,0.023622,"Bottom Layer",,,
24V,29.742126,16.002595,29.742126,16.260999,0.023622,"Bottom Layer",,,
24V,29.65256,15.908636,29.65256,15.913029,0.023622,"Bottom Layer",,,
24V,29.653544,16.34958,29.742126,16.438162,0.023622,"Bottom Layer",,,
24V,29.65256,16.794462,29.742126,16.704897,0.023622,"Bottom Layer",,,
24V,29.742126,16.438162,29.742126,16.704897,0.023622,"Bottom Layer",,,
24V,29.742126,16.882516,29.742126,17.143692,0.023622,"Bottom Layer",,,
24V,29.65256,16.794462,29.654072,16.794462,0.023622,"Bottom Layer",,,
24V,29.654072,16.794462,29.742126,16.882516,0.023622,"Bottom Layer",,,
24V,29.650592,17.232454,29.653363,17.232454,0.023622,"Bottom Layer",,,
24V,29.653363,17.232454,29.742126,17.143692,0.023622,"Bottom Layer",,,
3V3,30.210088,17.714081,30.332227,17.714081,0.011811,"Top Layer",,,
SDADC16,31.208076,16.483531,31.351427,16.34018,0.009842,"Top Layer",,,
SDADC16,31.446764,16.34018,31.495984,16.3894,0.009842,"Top Layer",,,
SDADC16,31.351427,16.34018,31.446764,16.34018,0.009842,"Top Layer",,,
NetR3_1,31.02559,15.841726,31.244175,16.06031,0.009842,"Top Layer",,,
NetR3_1,31.068882,16.344337,31.244175,16.169044,0.009842,"Top Layer",,,
NetR3_1,31.244175,16.06031,31.244175,16.169044,0.009842,"Top Layer",,,
NetR5_1,31.082801,16.358256,31.263754,16.177303,0.009842,"Top Layer",,,
NetR5_1,31.043307,15.834387,31.263754,16.054834,0.009842,"Top Layer",,,
NetR5_1,31.263754,16.054834,31.263754,16.177303,0.009842,"Top Layer",,,
NetR3_1,31.02559,15.814248,31.02559,15.841726,0.009842,"Top Layer",,,
NetR5_1,31.043307,15.813973,31.043307,15.834387,0.009842,"Top Layer",,,
DRIVE4,30.644531,16.091106,30.77869,16.091106,0.007874,"Top Layer",,,
DRIVE4,30.304706,16.294612,30.441025,16.294612,0.007874,"Top Layer",,,
DRIVE4,30.441025,16.294612,30.644531,16.091106,0.007874,"Top Layer",,,
DRIVE5,30.304706,16.344612,30.415867,16.344612,0.007874,"Top Layer",,,
DRIVE5,30.653625,16.106854,30.772167,16.106854,0.007874,"Top Layer",,,
DRIVE5,30.415867,16.344612,30.653625,16.106854,0.007874,"Top Layer",,,
DRIVE3,30.305102,16.394215,30.390289,16.394215,0.007874,"Top Layer",,,
DRIVE3,30.661903,16.122602,30.749711,16.122602,0.007874,"Top Layer",,,
DRIVE3,30.390289,16.394215,30.661903,16.122602,0.007874,"Top Layer",,,
DRIVE2,30.671407,16.138754,30.738024,16.138754,0.007874,"Top Layer",,,
DRIVE2,30.304706,16.444612,30.365549,16.444612,0.007874,"Top Layer",,,
DRIVE2,30.365549,16.444612,30.671407,16.138754,0.007874,"Top Layer",,,
DRIVE4,30.77869,16.091106,30.915041,16.227457,0.007874,"Top Layer",,,
DRIVE5,30.772167,16.106854,30.975295,16.309981,0.007874,"Top Layer",,,
DRIVE3,30.749711,16.122602,30.87401,16.246901,0.007874,"Top Layer",,,
DRIVE2,30.738024,16.138754,30.860091,16.26082,0.007874,"Top Layer",,,
DRIVE1,30.681437,16.155282,30.726713,16.155282,0.007874,"Top Layer",,,
DRIVE1,30.726713,16.155282,30.846171,16.274739,0.007874,"Top Layer",,,
DRIVE1,30.473047,16.363672,30.681437,16.155282,0.007874,"Top Layer",,,
DRIVE1,30.473047,16.363672,30.473047,16.363672,0.007874,"Top Layer",,,
DRIVE1,30.342107,16.494612,30.473047,16.363672,0.007874,"Top Layer",,,
DRIVE1,30.304706,16.494612,30.342107,16.494612,0.007874,"Top Layer",,,
DRIVE3,30.304706,16.394612,30.305102,16.394215,0.007874,"Top Layer",,,
3V3,31.754646,17.03874,31.960512,17.03874,0.011811,"Top Layer",,,
3V3,31.734961,17.058425,31.754646,17.03874,0.011811,"Top Layer",,,
2V5,31.887726,17.019055,31.960512,17.019055,0.011811,"Top Layer",,,
2V5,31.880807,17.011181,31.880807,17.012136,0.011811,"Top Layer",,,
2V5,31.880807,17.012136,31.887726,17.019055,0.011811,"Top Layer",,,
3V3,31.749176,16.152765,31.753225,16.148717,0.011811,"Top Layer",,,
3V3,31.733539,16.168402,31.733539,16.168402,0.011811,"Top Layer",,,
3V3,31.733539,16.168402,31.749176,16.152765,0.011811,"Top Layer",,,
5V,33.242268,17.593915,33.324294,17.511889,0.023622,"Top Layer",,,
5V,33.267718,17.045414,33.324294,17.101991,0.023622,"Top Layer",,,
5V,33.324294,17.101991,33.324294,17.511889,0.023622,"Top Layer",,,
5V,33.193124,17.045414,33.267718,17.045414,0.023622,"Top Layer",,,
5V,33.183565,17.593915,33.242268,17.593915,0.023622,"Top Layer",,,
5V,33.182204,17.595275,33.183565,17.593915,0.023622,"Top Layer",,,
24V,32.537756,15.291336,32.537756,15.485295,0.023622,"Top Layer",,,
24V,32.537067,15.425511,32.537067,15.606692,0.031496,"Top Layer",,,
24V,32.536378,15.424822,32.537067,15.425511,0.031496,"Top Layer",,,
24V,32.537067,15.606692,32.537756,15.607381,0.031496,"Top Layer",,,
24V,32.537401,15.290981,32.537756,15.291336,0.023622,"Top Layer",,,
24V,32.541969,15.432618,32.903898,15.432618,0.051181,"Top Layer",,,
NetD1_2,33.135387,15.263632,33.135692,15.263326,0.057087,"Top Layer",,,
NetD1_2,32.903898,15.263326,32.904203,15.263632,0.057087,"Top Layer",,,
NetD1_2,32.904203,15.263632,33.135387,15.263632,0.057087,"Top Layer",,,
NetD1_2,33.135692,15.263326,33.136303,15.263937,0.047244,"Top Layer",,,
VDD,30.94235,16.944129,31.305512,16.580967,0.01,"Top Layer",,,
VDD,30.94235,16.983373,30.971446,17.012469,0.01,"Top Layer",,,
VDD,30.94235,16.944129,30.94235,16.983373,0.01,"Top Layer",,,
VDD,31.355105,16.531348,31.355105,16.531374,0.01,"Top Layer",,,
VDD,31.355105,16.531348,31.355105,16.531348,0.01,"Top Layer",,,
VDD,31.347679,16.527659,31.355105,16.527659,0.01,"Top Layer",,,
VDD,31.274605,16.454584,31.347679,16.527659,0.01,"Top Layer",,,
VDD,31.305512,16.580967,31.355105,16.531374,0.01,"Top Layer",,,
VREFSD+,31.270915,16.655136,31.270915,16.670618,0.009842,"Top Layer",,,
VREFSD+,31.270915,16.655136,31.338724,16.587328,0.009842,"Top Layer",,,
VREFSD+,31.270915,16.670618,31.291593,16.691296,0.009842,"Top Layer",,,
VREFSD+,31.291593,16.691296,31.291593,16.692322,0.009842,"Top Layer",,,
VDD,31.354539,16.733883,31.396987,16.691435,0.01,"Top Layer",,,
VDD,30.903187,16.08548,31.015369,16.197661,0.01,"Top Layer",,,
VDD,30.818332,16.302578,30.819747,16.302578,0.01,"Top Layer",,,
VDD,30.819747,16.302578,30.861035,16.343867,0.01,"Top Layer",,,
VDD,30.861035,16.343867,30.865078,16.343867,0.01,"Top Layer",,,
AUX4-OUT,32.296244,17.035708,32.537008,17.035708,0.009842,"Top Layer",,,
AUX4-OUT,32.537008,17.035708,32.586969,16.985748,0.009842,"Top Layer",,,
AUX4-OUT,32.08274,16.822204,32.296244,17.035708,0.009842,"Top Layer",,,
VDD,30.682805,16.332081,30.767066,16.24782,0.01,"Top Layer",,,
SDADC11,31.434297,16.166839,31.491789,16.109347,0.01,"Top Layer",,,
SDADC11,31.491789,16.109347,31.665197,16.109347,0.01,"Top Layer",,,
SDADC11,31.385574,16.166839,31.434297,16.166839,0.01,"Top Layer",,,
SDADC19,31.428704,16.147154,31.505882,16.069977,0.01,"Top Layer",,,
SDADC19,31.37742,16.147154,31.428704,16.147154,0.01,"Top Layer",,,
SDADC19,31.505882,16.069977,31.665197,16.069977,0.01,"Top Layer",,,
SDADC14,31.472762,16.289351,31.509292,16.325882,0.01,"Top Layer",,,
SDADC14,31.180237,16.455692,31.346578,16.289351,0.01,"Top Layer",,,
SDADC14,31.346578,16.289351,31.472762,16.289351,0.01,"Top Layer",,,
SDADC15,31.194157,16.469611,31.349752,16.314016,0.01,"Top Layer",,,
SDADC15,31.472149,16.314016,31.523385,16.365252,0.01,"Top Layer",,,
SDADC15,31.349752,16.314016,31.472149,16.314016,0.01,"Top Layer",,,
SENSOR2,32.417677,16.431929,32.417677,16.503142,0.009842,"Top Layer",,,
SENSOR2,32.39378,16.527039,32.417677,16.503142,0.009842,"Top Layer",,,
SENSOR1,32.367976,16.546667,32.392087,16.546667,0.009842,"Top Layer",,,
SENSOR1,32.367748,16.546896,32.367976,16.546667,0.009842,"Top Layer",,,
SENSOR1,32.392087,16.546667,32.417677,16.572258,0.009842,"Top Layer",,,
SENSOR1,32.417677,16.572258,32.417677,16.663267,0.009842,"Top Layer",,,
5VFB,32.14271,17.580793,32.405996,17.580793,0.009842,"Top Layer",,,
5VFB,32.426536,17.463937,32.426536,17.560254,0.009842,"Top Layer",,,
5VFB,32.405996,17.580793,32.426536,17.560254,0.009842,"Top Layer",,,
SENSOR9,32.400945,17.695275,32.426536,17.695275,0.009842,"Top Layer",,,
SENSOR9,32.426536,17.621016,32.426536,17.651541,0.009842,"Top Layer",,,
SENSOR9,32.404029,17.59851,32.426536,17.621016,0.009842,"Top Layer",,,
SENSOR9,32.426536,17.651541,32.426536,17.695275,0.009842,"Top Layer",,,
Relay1,29.793577,17.52773,29.885304,17.436003,0.019685,"Top Layer",,,
Relay1,29.885304,17.231736,29.885304,17.436003,0.019685,"Top Layer",,,
Relay1,29.923966,16.60197,29.923966,17.074893,0.019685,"Top Layer",,,
Relay1,29.885304,17.113555,29.885304,17.231736,0.019685,"Top Layer",,,
Relay1,29.885304,17.113555,29.923966,17.074893,0.019685,"Top Layer",,,
24V,29.650592,17.232454,29.771987,17.232454,0.023622,"Top Layer",,,
24V,29.771987,17.232454,29.772706,17.231736,0.023622,"Top Layer",,,
CON-IO3,30.328312,17.321733,30.328312,17.386901,0.01,"Top Layer",,,
NetJ11_1,30.836887,17.049592,30.836887,17.24513,0.011811,"Top Layer",,,
NetJ11_1,30.836887,17.049592,30.856254,17.030225,0.011811,"Top Layer",,,
NetJ11_5,31.113461,17.070967,31.113461,17.157265,0.01,"Top Layer",,,
NetJ11_5,31.036887,17.233839,31.036887,17.24513,0.01,"Top Layer",,,
NetJ11_5,31.036887,17.233839,31.113461,17.157265,0.01,"Top Layer",,,
3V3,31.039691,17.342326,31.662873,17.342326,0.011811,"Top Layer",,,
3V3,31.036887,17.34513,31.039691,17.342326,0.011811,"Top Layer",,,
3V3,31.041043,17.349287,31.041043,17.687067,0.011811,"Top Layer",,,
3V3,31.036887,17.34513,31.041043,17.349287,0.011811,"Top Layer",,,
12V,32.062771,15.424822,32.336378,15.424822,0.027559,"Top Layer",,,
12V,32.061486,15.427475,32.061486,15.605904,0.027559,"Top Layer",,,
12V,31.744187,17.882913,31.816839,17.882913,0.023622,"Top Layer",,,
NetU6_30,30.994972,16.58033,31.105948,16.691306,0.009842,"Top Layer",,,
NetU6_30,30.994972,16.33473,30.994972,16.58033,0.009842,"Top Layer",,,
NetU6_30,30.994972,16.33473,31.027124,16.302578,0.009842,"Top Layer",,,
VDD,31.020145,17.061168,31.021064,17.061168,0.01,"Top Layer",,,
VREFSD+,31.596433,16.517803,31.73264,16.517803,0.009842,"Top Layer",,,
VREFSD+,31.59402,16.51539,31.595017,16.516387,0.009842,"Top Layer",,,
VREFSD+,31.543307,16.51539,31.59402,16.51539,0.009842,"Top Layer",,,
VDD,30.763842,16.248088,30.767066,16.244865,0.01,"Top Layer",,,
VDD,30.556351,16.458535,30.639827,16.375059,0.01,"Top Layer",,,
VDD,30.638349,16.373582,30.681328,16.330603,0.01,"Top Layer",,,
VDD,30.539944,16.678403,30.541091,16.678403,0.01,"Top Layer",,,
VDD,31.396987,16.691435,31.398561,16.691435,0.01,"Top Layer",,,
VDD,31.398561,16.691435,31.423064,16.666932,0.01,"Top Layer",,,
VDD,31.423064,16.599308,31.423064,16.666932,0.01,"Top Layer",,,
VDD,31.355105,16.531348,31.423064,16.599308,0.01,"Top Layer",,,
SDADC16,31.495984,16.3894,31.495984,16.771639,0.009842,"Top Layer",,,
SDADC16,31.566235,16.841889,31.662244,16.841889,0.009842,"Top Layer",,,
SDADC16,31.495984,16.771639,31.566235,16.841889,0.009842,"Top Layer",,,
5V,31.731418,16.593828,31.731418,16.660951,0.019685,"Top Layer",,,
5V,31.731418,16.593828,31.73264,16.592606,0.019685,"Top Layer",,,
VREFSD+,31.595017,16.516387,31.596433,16.517803,0.009842,"Top Layer",,,
5V,31.961697,16.591075,31.961736,16.591035,0.019685,"Top Layer",,,
5V,31.960951,16.591821,31.961697,16.591075,0.019685,"Top Layer",,,
5V,31.73264,16.592606,31.733426,16.591821,0.019685,"Top Layer",,,
5V,31.733426,16.591821,31.960951,16.591821,0.019685,"Top Layer",,,
VDD,31.274605,16.454584,31.274605,16.454584,0.01,"Top Layer",,,
VDD,31.015369,16.197661,31.047431,16.229724,0.01,"Top Layer",,,
VDD,30.475182,16.539704,30.475182,16.647784,0.01,"Top Layer",,,
VDD,30.475182,16.539704,30.556351,16.458535,0.01,"Top Layer",,,
VDD,30.556351,16.458535,30.556351,16.458535,0.01,"Top Layer",,,
VDD,30.445763,16.677203,30.475182,16.647784,0.01,"Top Layer",,,
VDD,30.445763,16.677203,30.445763,16.677203,0.01,"Top Layer",,,
3V3,32.340554,16.59628,32.340554,16.662915,0.011811,"Top Layer",,,
3V3,32.340554,16.662915,32.340906,16.663267,0.011811,"Top Layer",,,
SENSOR-5V-FB,32.316929,17.223479,32.316929,17.294042,0.01,"Top Layer",,,
SENSOR-5V-FB,32.316929,17.223479,32.318746,17.221662,0.01,"Top Layer",,,
AUX1-IN,32.377702,17.29307,32.379789,17.295157,0.007874,"Top Layer",,,
AUX1-IN,32.377702,17.226942,32.377702,17.29307,0.007874,"Top Layer",,,
SENSOR2-IN,32.832496,16.431963,32.959574,16.304885,0.007874,"Top Layer",,,
SENSOR2-IN,32.607934,16.431963,32.832496,16.431963,0.007874,"Top Layer",,,
SENSOR2-IN,32.566529,16.390558,32.607934,16.431963,0.007874,"Top Layer",,,
SENSOR7,32.144737,16.014859,32.525866,16.014859,0.009842,"Top Layer",,,
SENSOR7,32.551536,15.941771,32.551536,15.989189,0.009842,"Top Layer",,,
SENSOR7,32.525866,16.014859,32.551536,15.989189,0.009842,"Top Layer",,,
SENSOR4,32.551536,16.100843,32.551536,16.17311,0.009842,"Top Layer",,,
SENSOR4,32.520669,16.069977,32.551536,16.100843,0.009842,"Top Layer",,,
SENSOR4,32.551536,16.17311,32.577126,16.17311,0.009842,"Top Layer",,,
SENSOR5,31.963465,16.050291,32.666693,16.050291,0.009842,"Top Layer",,,
SENSOR5,32.705079,16.088677,32.705079,16.17311,0.009842,"Top Layer",,,
SENSOR5,32.666693,16.050291,32.705079,16.088677,0.009842,"Top Layer",,,
SENSOR6,32.137398,16.032575,32.670881,16.032575,0.009842,"Top Layer",,,
SENSOR6,32.670881,16.032575,32.705079,15.998377,0.009842,"Top Layer",,,
SENSOR6,32.705079,15.941771,32.705079,15.998377,0.009842,"Top Layer",,,
SENSOR5,32.679488,16.17311,32.705079,16.17311,0.009842,"Top Layer",,,
3V3,32.626084,16.106215,32.626084,16.170887,0.011811,"Top Layer",,,
3V3,32.626084,16.106215,32.63009,16.10221,0.011811,"Top Layer",,,
SENSOR6-IN,32.369962,16.282465,32.372659,16.285163,0.01,"Top Layer",,,
SENSOR6-IN,32.369962,16.107402,32.369962,16.282465,0.01,"Top Layer",,,
SENSOR1-IN,32.308928,16.103903,32.308928,16.285839,0.01,"Top Layer",,,
SENSOR1-IN,32.308788,16.285979,32.308928,16.285839,0.01,"Top Layer",,,
SENSOR4,31.963465,16.069977,32.520669,16.069977,0.009842,"Top Layer",,,
SENSOR7,32.062059,15.932181,32.144737,16.014859,0.009842,"Top Layer",,,
SENSOR6,32.05669,15.951866,32.137398,16.032575,0.009842,"Top Layer",,,
AUX1-OUT,32.550869,17.091223,32.586969,17.127322,0.009842,"Top Layer",,,
AUX1-OUT,32.142996,16.96,32.274219,17.091223,0.009842,"Top Layer",,,
AUX1-OUT,32.586969,17.127322,32.586969,17.175078,0.009842,"Top Layer",,,
AUX1-OUT,32.274219,17.091223,32.550869,17.091223,0.009842,"Top Layer",,,
AUX1-OUT,31.960512,16.96,32.142996,16.96,0.009842,"Top Layer",,,
3V3,32.035542,16.101103,32.035542,16.148717,0.011811,"Top Layer",,,
3V3,32.032835,17.037755,32.035542,17.035048,0.011811,"Top Layer",,,
3V3,32.035542,16.994972,32.035542,17.035048,0.011811,"Top Layer",,,
3V3,32.626084,16.170887,32.628307,16.17311,0.011811,"Top Layer",,,
AUX2-OUT,32.689331,17.175078,32.714921,17.175078,0.009842,"Top Layer",,,
AUX2-OUT,32.714921,17.154901,32.714921,17.175078,0.009842,"Top Layer",,,
AUX2-OUT,32.688507,17.073506,32.714921,17.099921,0.009842,"Top Layer",,,
AUX2-OUT,32.714921,17.099921,32.714921,17.154901,0.009842,"Top Layer",,,
AUX3-OUT,32.689331,16.94374,32.714921,16.94374,0.009842,"Top Layer",,,
AUX3-OUT,32.670933,17.053425,32.687582,17.053425,0.009842,"Top Layer",,,
AUX3-OUT,32.714921,16.94374,32.714921,17.026086,0.009842,"Top Layer",,,
AUX3-OUT,32.687582,17.053425,32.714921,17.026086,0.009842,"Top Layer",,,
AUX3-OUT,32.286531,17.053425,32.670933,17.053425,0.009842,"Top Layer",,,
3V3,32.63815,17.175078,32.639083,17.174145,0.011811,"Top Layer",,,
3V3,32.639083,17.119488,32.639083,17.174145,0.011811,"Top Layer",,,
3V3,32.639083,17.119488,32.640016,17.118555,0.011811,"Top Layer",,,
AUX2-OUT,32.281558,17.073506,32.688507,17.073506,0.009842,"Top Layer",,,
3V3,32.349764,17.695275,32.350571,17.694468,0.011811,"Top Layer",,,
3V3,32.350571,17.642181,32.350571,17.694468,0.011811,"Top Layer",,,
3V3,32.350571,17.642181,32.351378,17.641375,0.011811,"Top Layer",,,
SENSOR-5V-FB,32.315813,17.295157,32.316929,17.294042,0.01,"Top Layer",,,
NetR32_2,32.66374,17.232146,32.702125,17.27053,0.01,"Top Layer",,,
NetR33_2,32.575062,17.271231,32.612559,17.233734,0.009842,"Top Layer",,,
NetR33_2,32.612559,17.175078,32.612559,17.233734,0.009842,"Top Layer",,,
NetR32_2,32.66374,17.175078,32.66374,17.232146,0.01,"Top Layer",,,
3V3,32.63815,17.175078,32.63815,17.29423,0.011811,"Top Layer",,,
3V3,31.442719,15.423602,31.442719,15.657696,0.019685,"Top Layer",,,
3V3,31.445416,15.660393,31.547244,15.660393,0.011811,"Top Layer",,,
3V3,31.053418,16.055029,31.053418,16.061461,0.011811,"Top Layer",,,
3V3,31.004921,16.006532,31.053418,16.055029,0.011811,"Top Layer",,,
3V3,31.442719,15.657696,31.445416,15.660393,0.011811,"Top Layer",,,
3V3,31.547244,15.660393,31.734252,15.8474,0.011811,"Top Layer",,,
3V3,31.734252,15.8474,31.734252,16.031318,0.011811,"Top Layer",,,
SELECT,31.665354,15.89039,31.665354,15.932024,0.009842,"Top Layer",,,
SELECT,31.665197,15.932181,31.665354,15.932024,0.009842,"Top Layer",,,
SENSOR-5V,33.019644,16.567047,33.090739,16.567047,0.019685,"Top Layer",,,
SENSOR-5V,32.894685,16.692007,32.894685,17.151217,0.019685,"Top Layer",,,
SENSOR-5V,32.894685,16.692007,33.019644,16.567047,0.019685,"Top Layer",,,
SENSOR-5V,33.090799,16.567108,33.357305,16.567108,0.019685,"Top Layer",,,
AUX3-IN,32.73275,17.425715,32.928058,17.425715,0.007874,"Top Layer",,,
AUX3-IN,32.928058,17.425715,33.031539,17.322234,0.007874,"Top Layer",,,
AUX3-IN,32.702125,17.39509,32.73275,17.425715,0.007874,"Top Layer",,,
AUX4-IN,32.621963,17.441463,32.949493,17.441463,0.007874,"Top Layer",,,
AUX4-IN,32.575062,17.394563,32.621963,17.441463,0.007874,"Top Layer",,,
AUX4-IN,32.949493,17.441463,33.090799,17.300157,0.007874,"Top Layer",,,
AUX3-IN,32.702125,17.360176,32.702125,17.39509,0.007874,"Top Layer",,,
AUX3-IN,33.09113,17.145068,33.092779,17.145068,0.007874,"Top Layer",,,
AUX3-IN,33.031539,17.20466,33.09113,17.145068,0.007874,"Top Layer",,,
AUX3-IN,33.031539,17.20466,33.031539,17.322234,0.007874,"Top Layer",,,
AUX4-IN,33.090799,17.247739,33.090799,17.300157,0.007874,"Top Layer",,,
AUX4-IN,33.090799,17.247739,33.093124,17.245414,0.007874,"Top Layer",,,
AUX4-IN,32.575062,17.360797,32.575062,17.394563,0.007874,"Top Layer",,,
AUX3-IN,33.092779,17.145068,33.093124,17.145414,0.007874,"Top Layer",,,
SENSOR4-IN,32.469926,16.84582,32.469926,16.880533,0.009842,"Top Layer",,,
SENSOR4-IN,32.464969,16.840862,32.469926,16.84582,0.009842,"Top Layer",,,
SENSOR4-IN,32.464969,16.840862,32.472926,16.832906,0.009842,"Top Layer",,,
SENSOR3-IN,33.138782,16.219004,33.190739,16.167047,0.007874,"Top Layer",,,
SENSOR3-IN,33.031539,16.219004,33.138782,16.219004,0.007874,"Top Layer",,,
SENSOR3-IN,32.99107,16.259472,33.031539,16.219004,0.007874,"Top Layer",,,
SENSOR3-IN,32.99107,16.259472,32.99107,16.326392,0.007874,"Top Layer",,,
SENSOR7-IN,32.942284,16.159006,32.942284,16.295547,0.007874,"Top Layer",,,
SENSOR8-IN,32.975322,16.214649,32.975322,16.3128,0.007874,"Top Layer",,,
SENSOR8-IN,32.602017,16.686105,32.602017,16.765118,0.007874,"Top Layer",,,
SENSOR7-IN,32.822414,16.415416,32.942284,16.295547,0.007874,"Top Layer",,,
SENSOR7-IN,32.726219,16.415416,32.822414,16.415416,0.007874,"Top Layer",,,
SENSOR8-IN,32.602017,16.686105,32.869109,16.419013,0.007874,"Top Layer",,,
SENSOR2-IN,32.959574,16.177149,32.959574,16.304885,0.007874,"Top Layer",,,
SENSOR8-IN,32.869109,16.419013,32.975322,16.3128,0.007874,"Top Layer",,,
SENSOR3-IN,32.665994,16.651468,32.665994,16.765118,0.007874,"Top Layer",,,
SENSOR3-IN,32.665994,16.651468,32.99107,16.326392,0.007874,"Top Layer",,,
SENSOR8-IN,33.022925,16.167047,33.090739,16.167047,0.007874,"Top Layer",,,
SENSOR8-IN,32.975322,16.214649,33.022925,16.167047,0.007874,"Top Layer",,,
SENSOR2-IN,32.566529,16.351732,32.566529,16.390558,0.007874,"Top Layer",,,
SENSOR7-IN,33.034242,16.067047,33.090739,16.067047,0.007874,"Top Layer",,,
SENSOR7-IN,32.942284,16.159006,33.034242,16.067047,0.007874,"Top Layer",,,
SENSOR2-IN,32.959574,16.177149,33.022925,16.113799,0.007874,"Top Layer",,,
SENSOR7-IN,32.693308,16.351337,32.693308,16.382506,0.007874,"Top Layer",,,
SENSOR7-IN,32.693308,16.382506,32.726219,16.415416,0.007874,"Top Layer",,,
SENSOR2-IN,33.143987,16.113799,33.190739,16.067047,0.007874,"Top Layer",,,
SENSOR2-IN,33.022925,16.113799,33.143987,16.113799,0.007874,"Top Layer",,,
SENSOR0-IN,33.190739,15.7642,33.190739,15.867047,0.01,"Top Layer",,,
SENSOR0-IN,33.086931,15.660393,33.190739,15.7642,0.01,"Top Layer",,,
SENSOR0-IN,32.643339,15.660393,33.086931,15.660393,0.01,"Top Layer",,,
SENSOR0-IN,32.594843,15.708889,32.594843,15.767086,0.01,"Top Layer",,,
SENSOR0-IN,32.594843,15.708889,32.643339,15.660393,0.01,"Top Layer",,,
SENSOR5-IN,33.090739,15.784279,33.090739,15.867047,0.01,"Top Layer",,,
SENSOR5-IN,33.001009,15.694549,33.090739,15.784279,0.01,"Top Layer",,,
SENSOR5-IN,32.679488,15.694549,33.001009,15.694549,0.01,"Top Layer",,,
SENSOR5-IN,32.658819,15.715218,32.658819,15.767086,0.01,"Top Layer",,,
SENSOR5-IN,32.658819,15.715218,32.679488,15.694549,0.01,"Top Layer",,,
SENSOR-5V,33.357305,16.567108,33.357365,16.567168,0.019685,"Top Layer",,,
SENSOR-5V,33.090739,16.567047,33.090799,16.567108,0.019685,"Top Layer",,,
SENSOR-5V,33.357365,16.506145,33.357365,16.567168,0.019685,"Top Layer",,,
AUX2-IN,32.57764,17.930066,33.193124,17.314581,0.009842,"Top Layer",,,
AUX2-IN,33.193124,17.245414,33.193124,17.314581,0.009842,"Top Layer",,,
AUX2-IN,32.428865,17.930066,32.57764,17.930066,0.009842,"Top Layer",,,
PRESSURE-IN,32.327795,17.950289,32.582471,17.950289,0.009842,"Top Layer",,,
PRESSURE-IN,32.837485,17.695275,33.182204,17.695275,0.009842,"Top Layer",,,
PRESSURE-IN,32.582471,17.950289,32.837485,17.695275,0.009842,"Top Layer",,,
AUX2-IN,32.413254,17.914454,32.428865,17.930066,0.009842,"Top Layer",,,
PRESSURE-IN,32.286239,17.908732,32.327795,17.950289,0.009842,"Top Layer",,,
PRESSURE-IN,32.286239,17.861693,32.286239,17.908732,0.009842,"Top Layer",,,
NetR31_2,32.502553,16.284803,32.566529,16.284803,0.009842,"Top Layer",,,
3V3,32.628307,16.17311,32.628307,16.285557,0.011811,"Top Layer",,,
NetR30_2,32.653898,16.22236,32.693308,16.26177,0.009842,"Top Layer",,,
NetR30_2,32.653898,16.17311,32.653898,16.22236,0.009842,"Top Layer",,,
NetR31_2,32.566529,16.262165,32.602717,16.225977,0.009842,"Top Layer",,,
NetR31_2,32.602717,16.17311,32.602717,16.225977,0.009842,"Top Layer",,,
NetR31_2,32.566529,16.262165,32.566529,16.284803,0.009842,"Top Layer",,,
SENSOR9-IN,32.274478,16.832965,32.276282,16.831161,0.01,"Top Layer",,,
SENSOR9-IN,32.274478,16.832965,32.274478,16.878579,0.01,"Top Layer",,,
AUX2-IN,32.413254,17.862575,32.413991,17.861839,0.009842,"Top Layer",,,
SENSOR-5V,31.904491,17.702099,32.111142,17.702099,0.019685,"Top Layer",,,
SENSOR-5V,32.111435,17.702392,32.112417,17.701411,0.019685,"Top Layer",,,
SENSOR-5V,32.112417,17.701411,32.163389,17.701411,0.019685,"Top Layer",,,
SENSOR-5V,32.163389,17.701411,32.16437,17.70043,0.019685,"Top Layer",,,
AUX2-IN,32.413254,17.862575,32.413254,17.914454,0.009842,"Top Layer",,,
AUX2-IN,32.413254,17.861102,32.413991,17.861839,0.009842,"Top Layer",,,
5V,31.869221,15.678938,31.960432,15.678938,0.019685,"Top Layer",,,
5V,31.865286,15.675003,31.869221,15.678938,0.027559,"Top Layer",,,
5V,31.861011,15.679278,31.865286,15.675003,0.027559,"Top Layer",,,
5V,31.960688,16.589987,31.961736,16.591035,0.019685,"Top Layer",,,
5V,31.960688,16.553289,31.960688,16.589987,0.019685,"Top Layer",,,
5V,31.95964,16.552241,31.960688,16.553289,0.019685,"Top Layer",,,
5V,31.861011,15.427,31.861011,15.679278,0.027559,"Top Layer",,,
3V3,31.960512,17.03874,32.03185,17.03874,0.011811,"Top Layer",,,
3V3,31.753225,16.148717,31.963465,16.148717,0.011811,"Top Layer",,,
3V3,30.848332,17.879778,31.041043,17.687067,0.011811,"Top Layer",,,
3V3,30.848332,17.879778,30.848332,18.036463,0.011811,"Top Layer",,,
3V3,30.614179,18.034004,30.845874,18.034004,0.011811,"Top Layer",,,
3V3,30.845874,18.034004,30.848332,18.036463,0.011811,"Top Layer",,,
3V3,30.712828,17.712398,30.715551,17.715121,0.011811,"Top Layer",,,
3V3,30.715551,17.715121,30.715551,17.774537,0.011811,"Top Layer",,,
3V3,30.332227,17.714081,30.333661,17.715515,0.011811,"Top Layer",,,
3V3,30.333661,17.715515,30.333661,17.782123,0.011811,"Top Layer",,,
3V3,31.662244,17.27496,31.732324,17.27496,0.011811,"Top Layer",,,
3V3,31.662244,17.341697,31.662873,17.342326,0.011811,"Top Layer",,,
3V3,31.662244,17.27496,31.662244,17.341697,0.011811,"Top Layer",,,
NetJ11_1,30.856254,17.030225,30.87401,17.012469,0.01,"Top Layer",,,
NetJ11_5,31.013204,16.970711,31.013204,16.970711,0.01,"Top Layer",,,
NetJ11_5,31.013204,16.970711,31.113461,17.070967,0.01,"Top Layer",,,
CON-IO1,30.629544,17.131076,30.629544,17.41789,0.01,"Top Layer",,,
CON-IO1,30.712971,17.501317,30.712971,17.594144,0.01,"Top Layer",,,
CON-IO1,30.629544,17.41789,30.712971,17.501317,0.01,"Top Layer",,,
CON-IO2,30.542992,17.131259,30.542992,17.454726,0.01,"Top Layer",,,
CON-IO2,30.589436,17.50117,30.589436,17.594288,0.01,"Top Layer",,,
CON-IO2,30.542992,17.454726,30.589436,17.50117,0.01,"Top Layer",,,
CON-IO3,30.328312,17.386901,30.328312,17.592055,0.01,"Top Layer",,,
CON-IO3,30.328312,17.132856,30.328312,17.321733,0.01,"Top Layer",,,
CON-IO3,30.328312,17.592055,30.332227,17.59597,0.01,"Top Layer",,,
CON-IO4,30.254238,17.132856,30.254238,17.386643,0.01,"Top Layer",,,
CON-IO4,30.20812,17.492847,30.20812,17.594002,0.01,"Top Layer",,,
CON-IO4,30.254238,17.386643,30.254238,17.446729,0.01,"Top Layer",,,
CON-IO4,30.20812,17.492847,30.254238,17.446729,0.01,"Top Layer",,,
CON-IO4,30.11065,17.795922,30.348732,18.034004,0.01,"Top Layer",,,
CON-IO4,30.11065,17.630414,30.147062,17.594002,0.01,"Top Layer",,,
CON-IO4,30.11065,17.630414,30.11065,17.795922,0.01,"Top Layer",,,
CON-IO4,30.348732,18.034004,30.414179,18.034004,0.01,"Top Layer",,,
CON-IO4,30.147062,17.594002,30.20812,17.594002,0.01,"Top Layer",,,
CON-IO1,30.614179,17.934004,30.682093,17.934004,0.01,"Top Layer",,,
CON-IO1,30.804413,17.611555,30.804413,17.811685,0.01,"Top Layer",,,
CON-IO1,30.682093,17.934004,30.804413,17.811685,0.01,"Top Layer",,,
CON-IO2,30.475182,17.633554,30.475182,17.890502,0.01,"Top Layer",,,
CON-IO2,30.514179,17.929499,30.514179,17.934004,0.01,"Top Layer",,,
CON-IO2,30.475182,17.890502,30.514179,17.929499,0.01,"Top Layer",,,
CON-IO3,30.404427,17.59597,30.444013,17.635557,0.01,"Top Layer",,,
CON-IO3,30.332227,17.59597,30.404427,17.59597,0.01,"Top Layer",,,
CON-IO3,30.444013,17.635557,30.444013,17.889848,0.01,"Top Layer",,,
CON-IO3,30.414179,17.919682,30.444013,17.889848,0.01,"Top Layer",,,
CON-IO3,30.414179,17.919682,30.414179,17.934004,0.01,"Top Layer",,,
CON-IO2,30.475182,17.633554,30.514448,17.594288,0.01,"Top Layer",,,
CON-IO2,30.514448,17.594288,30.514448,17.594288,0.01,"Top Layer",,,
CON-IO2,30.514448,17.594288,30.589436,17.594288,0.01,"Top Layer",,,
CON-IO1,30.712971,17.594144,30.787002,17.594144,0.01,"Top Layer",,,
CON-IO1,30.787002,17.594144,30.804413,17.611555,0.01,"Top Layer",,,
3V3,30.589436,17.712398,30.712828,17.712398,0.011811,"Top Layer",,,
3V3,30.20812,17.712112,30.210088,17.714081,0.011811,"Top Layer",,,
GPIO1,30.629544,16.89503,30.629544,17.064147,0.01,"Top Layer",,,
GPIO2,30.542992,16.953743,30.542992,17.06433,0.01,"Top Layer",,,
GPIO2,30.542992,16.953743,30.679138,16.817597,0.01,"Top Layer",,,
GPIO3,30.428243,16.901114,30.540965,16.901114,0.01,"Top Layer",,,
GPIO3,30.328312,17.001045,30.328312,17.065927,0.01,"Top Layer",,,
GPIO3,30.328312,17.001045,30.428243,16.901114,0.01,"Top Layer",,,
GPIO4,30.379191,16.877431,30.536808,16.877431,0.01,"Top Layer",,,
GPIO4,30.254238,17.002384,30.254238,17.065927,0.01,"Top Layer",,,
GPIO4,30.254238,17.002384,30.379191,16.877431,0.01,"Top Layer",,,
2V5,31.880509,17.15685,31.960512,17.15685,0.011811,"Top Layer",,,
2V5,31.877952,17.154293,31.880509,17.15685,0.011811,"Top Layer",,,
2V5,31.880394,16.900945,31.960512,16.900945,0.011811,"Top Layer",,,
2V5,31.961533,16.365252,31.961533,16.450212,0.011811,"Top Layer",,,
2V5,31.95964,16.448319,31.961533,16.450212,0.011811,"Top Layer",,,
2V5,31.879648,16.448319,31.95964,16.448319,0.011811,"Top Layer",,,
2V5,31.881117,16.247142,31.963465,16.247142,0.011811,"Top Layer",,,
2V5,31.880876,16.2469,31.881117,16.247142,0.011811,"Top Layer",,,
2V5,31.881082,16.109347,31.963465,16.109347,0.011811,"Top Layer",,,
2V5,31.880876,16.109552,31.881082,16.109347,0.011811,"Top Layer",,,
2V5,31.880876,15.991236,31.963465,15.991236,0.011811,"Top Layer",,,
2V5,31.879648,17.255275,31.960512,17.255275,0.011811,"Top Layer",,,
2V5,31.877952,17.253579,31.879648,17.255275,0.011811,"Top Layer",,,
3V3,31.662244,17.176535,31.73216,17.176535,0.011811,"Top Layer",,,
3V3,31.73216,17.176535,31.733288,17.177662,0.011811,"Top Layer",,,
3V3,31.662244,17.058425,31.734961,17.058425,0.011811,"Top Layer",,,
3V3,31.662244,16.920629,31.733539,16.920629,0.011811,"Top Layer",,,
3V3,31.665197,16.384937,31.733539,16.384937,0.011811,"Top Layer",,,
3V3,31.665197,16.286512,31.733539,16.286512,0.011811,"Top Layer",,,
3V3,31.665197,16.168402,31.733539,16.168402,0.011811,"Top Layer",,,
3V3,31.665197,16.030606,31.733539,16.030606,0.011811,"Top Layer",,,
3V3,31.733539,16.030606,31.734252,16.031318,0.011811,"Top Layer",,,
VDD,30.823789,15.968814,30.872465,15.968814,0.01,"Top Layer",,,
VDD,30.903187,15.999536,30.903187,16.08548,0.01,"Top Layer",,,
VDD,30.872465,15.968814,30.903187,15.999536,0.01,"Top Layer",,,
VDD,31.0443,16.229724,31.047431,16.229724,0.01,"Top Layer",,,
VDD,30.999285,16.274739,31.0443,16.229724,0.01,"Top Layer",,,
VDD,31.305512,16.678403,31.354539,16.72743,0.01,"Top Layer",,,
VDD,31.354539,16.72743,31.354539,16.733883,0.01,"Top Layer",,,
SELECT,31.662244,16.822204,31.663386,16.822204,0.009842,"Top Layer",,,
SELECT,31.663386,16.822204,31.66437,16.82122,0.009842,"Top Layer",,,
SELECT,31.66437,16.793933,31.66437,16.82122,0.009842,"Top Layer",,,
SELECT,31.041043,16.31619,31.041043,16.316498,0.009842,"Top Layer",,,
SELECT,31.041043,16.31619,31.133858,16.223375,0.009842,"Top Layer",,,
SELECT,31.133858,16.223067,31.133858,16.223375,0.009842,"Top Layer",,,
24V,30.092107,16.644612,30.092107,16.692203,0.023622,"Top Layer",,,
24V,29.988262,16.796048,30.092107,16.692203,0.023622,"Top Layer",,,
24V,29.766535,16.795991,29.766624,16.795902,0.023622,"Top Layer",,,
24V,29.766624,16.795902,29.824803,16.795902,0.023622,"Top Layer",,,
NetR3_1,31.002323,15.728739,31.002323,15.790981,0.009842,"Top Layer",,,
NetR5_1,31.066299,15.728739,31.066299,15.790981,0.009842,"Top Layer",,,
NetR3_1,31.002323,15.790981,31.02559,15.814248,0.009842,"Top Layer",,,
NetR5_1,31.043307,15.813973,31.066299,15.790981,0.009842,"Top Layer",,,
NetR5_2,31.066299,15.639094,31.066299,15.66181,0.01,"Top Layer",,,
NetR5_2,31.04563,15.618424,31.066299,15.639094,0.01,"Top Layer",,,
NetR5_2,31.04563,15.563385,31.04563,15.618424,0.01,"Top Layer",,,
NetR3_2,31.025945,15.563385,31.025945,15.616535,0.007874,"Top Layer",,,
NetR3_2,31.002323,15.640157,31.002323,15.66181,0.007874,"Top Layer",,,
NetR3_2,31.002323,15.640157,31.025945,15.616535,0.007874,"Top Layer",,,
NetD2_2,30.695841,15.44134,30.725623,15.471122,0.007874,"Top Layer",,,
NetD2_2,30.4748,15.44134,30.695841,15.44134,0.007874,"Top Layer",,,
NetD2_2,30.725623,15.471122,30.753564,15.471122,0.007874,"Top Layer",,,
NetD2_2,30.753564,15.471122,30.754291,15.471849,0.007874,"Top Layer",,,
NetD2_3,30.584367,15.476773,30.58929,15.471849,0.007874,"Top Layer",,,
NetD2_3,30.58929,15.471849,30.66374,15.471849,0.007874,"Top Layer",,,
NetD2_3,30.690394,15.471849,30.715079,15.496534,0.007874,"Top Layer",,,
NetD2_3,30.715079,15.496534,30.781278,15.496534,0.007874,"Top Layer",,,
NetD2_3,30.781278,15.496534,30.781356,15.496456,0.007874,"Top Layer",,,
NetD2_3,30.781356,15.496456,30.939331,15.496456,0.007874,"Top Layer",,,
NetD2_3,30.66374,15.471849,30.690394,15.471849,0.007874,"Top Layer",,,
NetD2_2,30.754291,15.471849,30.780945,15.471849,0.007874,"Top Layer",,,
NetD2_2,30.780945,15.471849,30.785866,15.476771,0.007874,"Top Layer",,,
NetD2_2,30.785866,15.476771,30.939331,15.476771,0.007874,"Top Layer",,,
VCC-5V,30.997402,15.23366,30.997402,15.337904,0.009842,"Top Layer",,,
NetR4_2,30.808372,15.278185,30.80941,15.279223,0.007874,"Top Layer",,,
NetR4_2,30.761811,15.278185,30.808372,15.278185,0.007874,"Top Layer",,,
VCC-5V,30.995667,15.231926,30.997402,15.23366,0.009842,"Top Layer",,,
VCC-5V,30.956693,15.231926,30.995667,15.231926,0.009842,"Top Layer",,,
NetTX1_1,31.092874,15.457085,31.12437,15.457085,0.007874,"Top Layer",,,
NetTX1_1,31.12437,15.457085,31.185394,15.518109,0.007874,"Top Layer",,,
NetRX1_1,31.092874,15.4374,31.183425,15.4374,0.007874,"Top Layer",,,
NetRX1_1,31.183425,15.4374,31.185394,15.439369,0.007874,"Top Layer",,,
3V3,32.03185,17.03874,32.032835,17.037755,0.011811,"Top Layer",,,
3V3,31.59189,16.920629,31.662244,16.920629,0.011811,"Top Layer",,,
3V3,31.589921,16.918661,31.59189,16.920629,0.011811,"Top Layer",,,
3V3,31.59189,17.058425,31.662244,17.058425,0.011811,"Top Layer",,,
3V3,31.589921,17.056456,31.59189,17.058425,0.011811,"Top Layer",,,
3V3,31.59189,17.176535,31.662244,17.176535,0.011811,"Top Layer",,,
3V3,31.589921,17.174567,31.59189,17.176535,0.011811,"Top Layer",,,
2V5,31.960512,17.255275,31.960512,17.27496,0.011811,"Top Layer",,,
2V5,31.960512,17.137165,31.960512,17.15685,0.011811,"Top Layer",,,
2V5,31.960512,16.99937,31.960512,17.019055,0.011811,"Top Layer",,,
2V5,31.960512,16.88126,31.960512,16.900945,0.011811,"Top Layer",,,
2V5,31.963465,15.991236,31.963465,16.010921,0.011811,"Top Layer",,,
2V5,31.963465,16.109347,31.963465,16.129032,0.011811,"Top Layer",,,
2V5,31.963465,16.247142,31.963465,16.266827,0.011811,"Top Layer",,,
2V5,31.961533,16.365252,31.963465,16.365252,0.011811,"Top Layer",,,
2V5,31.961736,16.450415,31.961736,16.516232,0.011811,"Top Layer",,,
2V5,31.961533,16.450212,31.961736,16.450415,0.011811,"Top Layer",,,
5V,31.961736,16.591035,32.070004,16.591035,0.019685,"Top Layer",,,
5V,31.961658,16.657215,31.961697,16.657176,0.019685,"Top Layer",,,
5V,31.961697,16.591075,31.961697,16.657176,0.019685,"Top Layer",,,
3V3,31.665197,16.384937,31.665197,16.45285,0.011811,"Top Layer",,,
3V3,31.592706,16.286512,31.665197,16.286512,0.011811,"Top Layer",,,
3V3,31.592609,16.286415,31.592706,16.286512,0.011811,"Top Layer",,,
3V3,31.593613,16.030606,31.665197,16.030606,0.011811,"Top Layer",,,
3V3,31.593613,16.030606,31.593613,16.030606,0.011811,"Top Layer",,,
3V3,31.592628,16.167417,31.593613,16.168402,0.011811,"Top Layer",,,
3V3,31.593613,16.168402,31.665197,16.168402,0.011811,"Top Layer",,,
3V3,32.035542,16.148717,32.035542,16.148717,0.011811,"Top Layer",,,
SENSOR7,32.551536,15.941771,32.577126,15.941771,0.009842,"Top Layer",,,
SENSOR6,32.679488,15.941771,32.705079,15.941771,0.009842,"Top Layer",,,
NetR22_2,32.244834,16.352908,32.308788,16.352908,0.009842,"Top Layer",,,
NetR22_2,32.244321,16.352395,32.244834,16.352908,0.009842,"Top Layer",,,
NetR23_2,32.372659,16.352092,32.436635,16.352092,0.009842,"Top Layer",,,
NetR23_2,32.436635,16.352092,32.436635,16.352092,0.009842,"Top Layer",,,
NetR22_2,32.308788,16.352908,32.308788,16.375546,0.009842,"Top Layer",,,
NetR22_2,32.308788,16.375546,32.315315,16.382072,0.009842,"Top Layer",,,
NetR22_2,32.315315,16.382072,32.315315,16.431929,0.009842,"Top Layer",,,
NetR23_2,32.372659,16.352092,32.372659,16.374729,0.009842,"Top Layer",,,
NetR23_2,32.366496,16.380892,32.372659,16.374729,0.009842,"Top Layer",,,
NetR23_2,32.366496,16.380892,32.366496,16.431929,0.009842,"Top Layer",,,
NetR15_2,32.212464,16.764232,32.276282,16.764232,0.009842,"Top Layer",,,
NetR15_2,32.212167,16.763935,32.212464,16.764232,0.009842,"Top Layer",,,
NetR14_2,32.405996,16.765977,32.472926,16.765977,0.009842,"Top Layer",,,
NetR14_2,32.405012,16.764993,32.405996,16.765977,0.009842,"Top Layer",,,
NetR15_2,32.276282,16.741594,32.276282,16.764232,0.009842,"Top Layer",,,
NetR15_2,32.276282,16.741594,32.315315,16.702561,0.009842,"Top Layer",,,
NetR15_2,32.315315,16.663267,32.315315,16.702561,0.009842,"Top Layer",,,
NetR14_2,32.405012,16.742355,32.405012,16.764993,0.009842,"Top Layer",,,
NetR14_2,32.366496,16.703839,32.405012,16.742355,0.009842,"Top Layer",,,
NetR14_2,32.366496,16.663267,32.366496,16.703839,0.009842,"Top Layer",,,
3V3,32.340906,16.663267,32.340906,16.765375,0.011811,"Top Layer",,,
NetR17_2,32.223275,17.794764,32.286239,17.794764,0.009842,"Top Layer",,,
NetR17_2,32.222683,17.794172,32.223275,17.794764,0.009842,"Top Layer",,,
NetR16_2,32.477231,17.794173,32.478215,17.793189,0.009842,"Top Layer",,,
NetR16_2,32.413254,17.794173,32.477231,17.794173,0.009842,"Top Layer",,,
NetR17_2,32.286239,17.772126,32.286239,17.794764,0.009842,"Top Layer",,,
NetR17_2,32.286239,17.772126,32.324173,17.734191,0.009842,"Top Layer",,,
NetR17_2,32.324173,17.695275,32.324173,17.734191,0.009842,"Top Layer",,,
NetR16_2,32.413254,17.771535,32.413254,17.794173,0.009842,"Top Layer",,,
NetR16_2,32.375355,17.733636,32.413254,17.771535,0.009842,"Top Layer",,,
NetR16_2,32.375355,17.695275,32.375355,17.733636,0.009842,"Top Layer",,,
3V3,32.349764,17.695275,32.349764,17.795157,0.011811,"Top Layer",,,
NetR24_2,32.315813,17.362086,32.315813,17.362086,0.009842,"Top Layer",,,
NetR24_2,32.251837,17.362086,32.315813,17.362086,0.009842,"Top Layer",,,
NetR25_2,32.379789,17.362086,32.44475,17.362086,0.009842,"Top Layer",,,
NetR24_2,32.315813,17.362086,32.315813,17.384724,0.009842,"Top Layer",,,
NetR24_2,32.315813,17.384724,32.324173,17.393084,0.009842,"Top Layer",,,
NetR24_2,32.324173,17.393084,32.324173,17.463937,0.009842,"Top Layer",,,
NetR25_2,32.379789,17.362086,32.379789,17.384724,0.009842,"Top Layer",,,
NetR25_2,32.375355,17.389159,32.379789,17.384724,0.009842,"Top Layer",,,
NetR25_2,32.375355,17.389159,32.375355,17.463937,0.009842,"Top Layer",,,
NetR33_2,32.575062,17.293868,32.575062,17.293868,0.009842,"Top Layer",,,
NetR33_2,32.510102,17.293868,32.575062,17.293868,0.009842,"Top Layer",,,
NetR32_2,32.764873,17.293247,32.765257,17.293631,0.009842,"Top Layer",,,
NetR32_2,32.702125,17.293247,32.764873,17.293247,0.009842,"Top Layer",,,
NetR33_2,32.575062,17.271231,32.575062,17.293868,0.009842,"Top Layer",,,
NetR32_2,32.702125,17.27053,32.702125,17.293247,0.01,"Top Layer",,,
NetR40_2,32.538928,16.832047,32.602017,16.832047,0.009842,"Top Layer",,,
NetR40_2,32.538564,16.832411,32.538928,16.832047,0.009842,"Top Layer",,,
NetR41_2,32.729799,16.832047,32.729808,16.832056,0.009842,"Top Layer",,,
NetR41_2,32.665994,16.832047,32.729799,16.832047,0.009842,"Top Layer",,,
NetR40_2,32.602017,16.832047,32.602017,16.854684,0.009842,"Top Layer",,,
NetR40_2,32.602017,16.854684,32.612559,16.865226,0.009842,"Top Layer",,,
NetR40_2,32.612559,16.865226,32.612559,16.94374,0.009842,"Top Layer",,,
NetR41_2,32.665994,16.832047,32.665994,16.854763,0.01,"Top Layer",,,
NetR41_2,32.66374,16.857017,32.665994,16.854763,0.01,"Top Layer",,,
NetR41_2,32.66374,16.857017,32.66374,16.94374,0.01,"Top Layer",,,
NetR31_2,32.502553,16.284803,32.502553,16.284803,0.009842,"Top Layer",,,
NetR30_2,32.758269,16.284408,32.758269,16.284408,0.009842,"Top Layer",,,
NetR30_2,32.693308,16.284408,32.758269,16.284408,0.009842,"Top Layer",,,
NetR30_2,32.693308,16.26177,32.693308,16.284408,0.009842,"Top Layer",,,
NetR38_2,32.530866,15.834015,32.594843,15.834015,0.009842,"Top Layer",,,
NetR38_2,32.530866,15.834015,32.530866,15.834015,0.009842,"Top Layer",,,
NetR39_2,32.658819,15.834015,32.722796,15.834015,0.009842,"Top Layer",,,
NetR38_2,32.594843,15.834015,32.594843,15.856653,0.009842,"Top Layer",,,
NetR38_2,32.594843,15.856653,32.602717,15.864527,0.009842,"Top Layer",,,
NetR38_2,32.602717,15.864527,32.602717,15.941771,0.009842,"Top Layer",,,
NetR39_2,32.658819,15.834015,32.658819,15.856653,0.009842,"Top Layer",,,
NetR39_2,32.653898,15.861575,32.658819,15.856653,0.009842,"Top Layer",,,
NetR39_2,32.653898,15.861575,32.653898,15.941771,0.009842,"Top Layer",,,
VDD,30.767066,16.24782,30.767066,16.251312,0.01,"Top Layer",,,
NRST,30.312136,15.902498,30.39446,15.902498,0.009842,"Top Layer",,,
NRST,30.39446,15.902498,30.395365,15.901593,0.009842,"Top Layer",,,
NRST,30.753632,15.901593,30.75686,15.904821,0.009842,"Top Layer",,,
NRST,30.75686,15.904821,30.75686,16.010921,0.009842,"Top Layer",,,
VBUS,31.040116,15.35261,31.062607,15.330119,0.007874,"Top Layer",,,
VBUS,31.006359,15.35261,31.040116,15.35261,0.007874,"Top Layer",,,
NetR4_2,31.024318,15.368358,31.066299,15.368358,0.007874,"Top Layer",,,
NetR4_2,31.00626,15.386416,31.024318,15.368358,0.007874,"Top Layer",,,
VBUS,30.986575,15.372394,31.006359,15.35261,0.007874,"Top Layer",,,
NetR4_2,31.00626,15.386416,31.00626,15.409841,0.007874,"Top Layer",,,
VCC-5V,30.96689,15.368416,30.997402,15.337904,0.009842,"Top Layer",,,
VBUS,30.986575,15.372394,30.986575,15.409841,0.007874,"Top Layer",,,
VBUS,31.127323,15.298377,31.198027,15.298377,0.007874,"Top Layer",,,
VBUS,31.062607,15.298377,31.127323,15.298377,0.007874,"Top Layer",,,
VCC-5V,30.96689,15.368416,30.96689,15.409841,0.009842,"Top Layer",,,
VBUS,31.061378,15.299605,31.062607,15.300834,0.007874,"Top Layer",,,
VBUS,31.062607,15.300834,31.062607,15.330119,0.007874,"Top Layer",,,
VCC-5V,30.605038,15.396259,30.66374,15.396259,0.009842,"Top Layer",,,
VCC-5V,30.593422,15.407875,30.605038,15.396259,0.009842,"Top Layer",,,
VCC-5V,30.584367,15.407875,30.593422,15.407875,0.009842,"Top Layer",,,
VDD_3V3,30.876339,15.279223,30.876339,15.403936,0.009842,"Top Layer",,,
VDD_3V3,30.876339,15.212037,30.876339,15.279223,0.009842,"Top Layer",,,
VDD_3V3,30.876339,15.403936,30.877323,15.40492,0.009842,"Top Layer",,,
VDD_3V3,30.939331,15.418188,30.939331,15.4374,0.009842,"Top Layer",,,
VDD_3V3,30.926063,15.40492,30.939331,15.418188,0.009842,"Top Layer",,,
VDD_3V3,30.877323,15.40492,30.926063,15.40492,0.009842,"Top Layer",,,
VDD_3V3,30.939331,15.4374,30.939331,15.457085,0.009842,"Top Layer",,,
VBUS,31.061378,15.299605,31.062607,15.298377,0.007874,"Top Layer",,,
VCC-5V,30.998386,15.232676,31.061378,15.232676,0.009842,"Top Layer",,,
VCC-5V,30.997402,15.23366,30.998386,15.232676,0.009842,"Top Layer",,,
5V,31.624255,15.425137,31.624255,15.587381,0.027559,"Top Layer",,,
5V,31.622719,15.423602,31.857612,15.423602,0.027559,"Top Layer",,,
5V,31.857612,15.423602,31.860802,15.426791,0.027559,"Top Layer",,,
12V,32.336363,15.424837,32.336363,15.679472,0.027559,"Top Layer",,,
5V,31.622719,15.423602,31.624255,15.425137,0.027559,"Top Layer",,,
5V,31.860802,15.426791,31.861011,15.427,0.027559,"Top Layer",,,
12V,32.336363,15.424837,32.336378,15.424822,0.027559,"Top Layer",,,
12V,32.336348,15.679487,32.336363,15.679472,0.027559,"Top Layer",,,
3V3,32.628307,16.285557,32.629521,16.286771,0.011811,"Top Layer",,,
3V3,32.340378,16.765903,32.340906,16.765375,0.011811,"Top Layer",,,
3V3,32.349764,17.795157,32.349764,17.795157,0.011811,"Top Layer",,,
3V3,32.638148,17.294231,32.63815,17.29423,0.011811,"Top Layer",,,
NetU6_30,31.668716,17.790816,31.669384,17.791484,0.009842,"Top Layer",,,
NetU6_30,31.60602,17.790816,31.668716,17.790816,0.009842,"Top Layer",,,
NetU6_30,31.605352,17.790148,31.60602,17.790816,0.009842,"Top Layer",,,
NetC35_1,31.466928,17.63287,31.466928,17.937442,0.009842,"Top Layer",,,
NetC35_1,31.423971,17.980399,31.466928,17.937442,0.009842,"Top Layer",,,
NetC35_1,31.321496,17.980399,31.423971,17.980399,0.009842,"Top Layer",,,
NetC35_1,31.568375,17.594598,31.568375,17.876393,0.009842,"Top Layer",,,
NetC35_1,31.466928,17.63287,31.505201,17.594598,0.009842,"Top Layer",,,
NetC35_1,31.505201,17.594598,31.568375,17.594598,0.009842,"Top Layer",,,
12V,31.321632,18.070815,31.523625,18.070815,0.023622,"Top Layer",,,
12V,31.52376,18.070679,31.713067,18.070679,0.023622,"Top Layer",,,
12V,31.713067,18.070679,31.746156,18.03759,0.023622,"Top Layer",,,
12V,31.746156,17.980399,31.746156,18.03759,0.023622,"Top Layer",,,
12V,31.744187,17.882913,31.746156,17.884881,0.023622,"Top Layer",,,
12V,31.746156,17.884881,31.746156,17.980399,0.023622,"Top Layer",,,
12V,31.321496,18.070951,31.321632,18.070815,0.023622,"Top Layer",,,
12V,31.523625,18.070815,31.52376,18.070679,0.023622,"Top Layer",,,
12V,31.744187,17.791484,31.744187,17.882913,0.023622,"Top Layer",,,
NetQ1_1,31.885798,17.739207,31.917641,17.771051,0.009842,"Top Layer",,,
NetQ1_1,31.829394,17.739207,31.885798,17.739207,0.009842,"Top Layer",,,
NetQ1_1,31.828846,17.739755,31.829394,17.739207,0.009842,"Top Layer",,,
NetQ1_1,31.744735,17.739755,31.828846,17.739755,0.009842,"Top Layer",,,
NetQ1_1,31.744187,17.740303,31.744735,17.739755,0.009842,"Top Layer",,,
NetQ1_1,31.74059,17.678633,31.74059,17.73735,0.009842,"Top Layer",,,
NetQ1_1,31.74059,17.73735,31.743542,17.740303,0.009842,"Top Layer",,,
NetQ1_1,31.743542,17.740303,31.744187,17.740303,0.009842,"Top Layer",,,
SENSOR-5V,31.904197,17.701805,31.904491,17.702099,0.019685,"Top Layer",,,
SENSOR-5V,32.111142,17.702099,32.111435,17.702392,0.019685,"Top Layer",,,
NetQ1_1,31.917641,17.771051,31.917641,17.826414,0.009842,"Top Layer",,,
NetC35_1,31.829885,17.59851,31.829885,17.663913,0.009842,"Top Layer",,,
NetC35_1,31.829394,17.664404,31.829885,17.663913,0.009842,"Top Layer",,,
NetC35_1,31.572287,17.59851,31.829885,17.59851,0.009842,"Top Layer",,,
NetC35_1,31.568375,17.594598,31.572287,17.59851,0.009842,"Top Layer",,,
NetR11_2,31.673661,17.678633,31.673661,17.73735,0.009842,"Top Layer",,,
NetR11_2,31.670708,17.740303,31.673661,17.73735,0.009842,"Top Layer",,,
NetR11_2,31.669384,17.740303,31.670708,17.740303,0.009842,"Top Layer",,,
NetR11_2,31.603074,17.742581,31.605352,17.740303,0.009842,"Top Layer",,,
NetR11_2,31.605352,17.740303,31.669384,17.740303,0.009842,"Top Layer",,,
NetC35_1,31.568375,17.876393,31.574896,17.882913,0.009842,"Top Layer",,,
NetC36_1,31.401009,17.484903,31.401009,17.583759,0.009842,"Top Layer",,,
NetC36_1,31.399084,17.594598,31.399252,17.59443,0.009842,"Top Layer",,,
NetC36_1,31.399252,17.59443,31.399252,17.886895,0.009842,"Top Layer",,,
NetC36_1,31.399252,17.585517,31.399252,17.59443,0.009842,"Top Layer",,,
NetC36_1,31.399252,17.585517,31.401009,17.583759,0.009842,"Top Layer",,,
NetC36_1,31.224868,17.592187,31.396673,17.592187,0.009842,"Top Layer",,,
NetC36_1,31.396673,17.592187,31.399084,17.594598,0.009842,"Top Layer",,,
NetC36_1,31.321496,17.889848,31.396299,17.889848,0.009842,"Top Layer",,,
NetC36_1,31.396299,17.889848,31.399252,17.886895,0.009842,"Top Layer",,,
NetC35_1,31.073464,17.980399,31.321496,17.980399,0.015748,"Top Layer",,,
Relay4,30.000272,15.529286,30.000272,16.249715,0.019685,"Top Layer",,,
Relay4,30.044184,16.293627,30.091123,16.293627,0.019685,"Top Layer",,,
Relay4,30.000272,16.249715,30.044184,16.293627,0.019685,"Top Layer",,,
Relay5,29.923966,15.908636,29.964061,15.94873,0.019685,"Top Layer",,,
Relay5,29.964061,16.29223,30.016442,16.344612,0.019685,"Top Layer",,,
Relay5,29.964061,15.94873,29.964061,16.29223,0.019685,"Top Layer",,,
Relay4,29.952425,15.481439,30.000272,15.529286,0.019685,"Top Layer",,,
Relay4,30.091123,16.293627,30.092107,16.294612,0.019685,"Top Layer",,,
Relay5,29.65256,16.203911,29.790853,16.203911,0.019685,"Top Layer",,,
Relay5,29.879133,15.908636,29.879133,16.115631,0.019685,"Top Layer",,,
Relay5,29.790853,16.203911,29.879133,16.115631,0.019685,"Top Layer",,,
Relay5,29.879133,15.908636,29.923966,15.908636,0.019685,"Top Layer",,,
Relay1,29.650592,17.52773,29.793577,17.52773,0.019685,"Top Layer",,,
Relay1,29.923966,16.60197,30.031324,16.494612,0.019685,"Top Layer",,,
Relay4,29.879133,15.481439,29.952425,15.481439,0.019685,"Top Layer",,,
Relay4,29.758131,15.768872,29.879133,15.647869,0.019685,"Top Layer",,,
Relay4,29.879133,15.481439,29.879133,15.647869,0.019685,"Top Layer",,,
Relay4,29.653544,15.768872,29.758131,15.768872,0.019685,"Top Layer",,,
Relay2,29.879133,16.795991,29.879133,16.937888,0.019685,"Top Layer",,,
Relay2,29.732285,17.084737,29.879133,16.937888,0.019685,"Top Layer",,,
Relay2,29.65256,17.089738,29.657561,17.084737,0.019685,"Top Layer",,,
Relay2,29.657561,17.084737,29.732285,17.084737,0.019685,"Top Layer",,,
Relay3,29.654,16.645311,29.704386,16.645311,0.019685,"Top Layer",,,
Relay3,29.879133,16.345882,29.879133,16.470564,0.019685,"Top Layer",,,
Relay3,29.704386,16.645311,29.879133,16.470564,0.019685,"Top Layer",,,
Relay3,29.653544,16.644856,29.654,16.645311,0.019685,"Top Layer",,,
Relay2,29.97541,16.444612,30.092107,16.444612,0.019685,"Top Layer",,,
Relay2,29.879133,16.540888,29.879133,16.795991,0.019685,"Top Layer",,,
Relay2,29.879133,16.540888,29.97541,16.444612,0.019685,"Top Layer",,,
Relay3,29.91903,16.345882,29.96776,16.394612,0.019685,"Top Layer",,,
Relay3,29.879133,16.345882,29.91903,16.345882,0.019685,"Top Layer",,,
Relay3,29.96776,16.394612,30.092107,16.394612,0.019685,"Top Layer",,,
24V,29.758692,15.473596,29.766535,15.481439,0.023622,"Top Layer",,,
24V,29.653544,15.473596,29.758692,15.473596,0.023622,"Top Layer",,,
24V,29.65256,15.908636,29.766535,15.908636,0.023622,"Top Layer",,,
24V,29.762837,16.34958,29.766535,16.345882,0.023622,"Top Layer",,,
24V,29.653544,16.34958,29.762837,16.34958,0.023622,"Top Layer",,,
24V,29.765006,16.794462,29.766535,16.795991,0.023622,"Top Layer",,,
24V,29.65256,16.794462,29.765006,16.794462,0.023622,"Top Layer",,,
Relay1,30.031324,16.494612,30.092107,16.494612,0.019685,"Top Layer",,,
Relay5,30.016442,16.344612,30.092107,16.344612,0.019685,"Top Layer",,,
NRST,30.720896,16.400014,30.721559,16.400014,0.009842,"Top Layer",,,
NRST,30.721559,16.400014,30.758195,16.43665,0.009842,"Top Layer",,,
NRST,30.758195,16.43665,30.758858,16.43665,0.009842,"Top Layer",,,
SENSOR2,32.392087,16.431929,32.417677,16.431929,0.009842,"Top Layer",,,
SENSOR1,32.392087,16.663267,32.417677,16.663267,0.009842,"Top Layer",,,
SENSOR2,32.164022,16.527039,32.39378,16.527039,0.009842,"Top Layer",,,
SENSOR1,32.158824,16.546896,32.367748,16.546896,0.009842,"Top Layer",,,
SENSOR3,32.264134,16.431929,32.289725,16.431929,0.009842,"Top Layer",,,
SENSOR3,32.170447,16.508409,32.252783,16.508409,0.009842,"Top Layer",,,
SENSOR3,32.252783,16.508409,32.289725,16.471467,0.009842,"Top Layer",,,
SENSOR3,32.289725,16.431929,32.289725,16.471467,0.009842,"Top Layer",,,
SENSOR0,32.236726,16.567047,32.289725,16.620046,0.009842,"Top Layer",,,
SENSOR0,32.148429,16.567047,32.236726,16.567047,0.009842,"Top Layer",,,
SENSOR0,32.289725,16.620046,32.289725,16.663267,0.009842,"Top Layer",,,
SENSOR0,32.264134,16.663267,32.289725,16.663267,0.009842,"Top Layer",,,
SENSOR3,32.160713,16.366111,32.160713,16.498675,0.009842,"Top Layer",,,
SENSOR3,32.160713,16.498675,32.170447,16.508409,0.009842,"Top Layer",,,
SENSOR3,32.083953,16.289351,32.160713,16.366111,0.009842,"Top Layer",,,
SENSOR3,32.083953,16.252134,32.083953,16.289351,0.009842,"Top Layer",,,
SENSOR3,32.019906,16.188087,32.083953,16.252134,0.009842,"Top Layer",,,
SENSOR3,31.963465,16.188087,32.019906,16.188087,0.009842,"Top Layer",,,
SENSOR2,32.142996,16.37345,32.142996,16.506013,0.009842,"Top Layer",,,
SENSOR2,32.142996,16.506013,32.164022,16.527039,0.009842,"Top Layer",,,
SENSOR2,32.066236,16.29669,32.142996,16.37345,0.009842,"Top Layer",,,
SENSOR2,32.066236,16.259472,32.066236,16.29669,0.009842,"Top Layer",,,
SENSOR2,32.014536,16.207772,32.066236,16.259472,0.009842,"Top Layer",,,
SENSOR2,31.963465,16.207772,32.014536,16.207772,0.009842,"Top Layer",,,
SENSOR1,32.123298,16.51137,32.158824,16.546896,0.009842,"Top Layer",,,
SENSOR1,32.123298,16.378806,32.123298,16.51137,0.009842,"Top Layer",,,
SENSOR1,32.050689,16.306197,32.123298,16.378806,0.009842,"Top Layer",,,
SENSOR1,31.963465,16.306197,32.050689,16.306197,0.009842,"Top Layer",,,
SENSOR0,32.105581,16.524199,32.148429,16.567047,0.009842,"Top Layer",,,
SENSOR0,32.105581,16.386145,32.105581,16.524199,0.009842,"Top Layer",,,
SENSOR0,32.045319,16.325882,32.105581,16.386145,0.009842,"Top Layer",,,
SENSOR0,31.963465,16.325882,32.045319,16.325882,0.009842,"Top Layer",,,
5VFB,32.400945,17.463937,32.426536,17.463937,0.009842,"Top Layer",,,
PRESSURE-OUT,32.279396,17.563077,32.298583,17.54389,0.009842,"Top Layer",,,
PRESSURE-OUT,32.298583,17.463937,32.298583,17.54389,0.009842,"Top Layer",,,
PRESSURE-OUT,32.154678,17.563077,32.279396,17.563077,0.009842,"Top Layer",,,
SENSOR8,32.280675,17.620386,32.298583,17.638294,0.009842,"Top Layer",,,
SENSOR8,32.132193,17.620386,32.280675,17.620386,0.009842,"Top Layer",,,
SENSOR8,32.298583,17.638294,32.298583,17.695275,0.009842,"Top Layer",,,
SENSOR9,32.135371,17.59851,32.404029,17.59851,0.009842,"Top Layer",,,
PRESSURE-OUT,32.272992,17.463937,32.298583,17.463937,0.009842,"Top Layer",,,
SENSOR8,32.272992,17.695275,32.298583,17.695275,0.009842,"Top Layer",,,
PRESSURE-OUT,32.09178,17.500179,32.154678,17.563077,0.009842,"Top Layer",,,
PRESSURE-OUT,32.09178,17.154293,32.09178,17.500179,0.009842,"Top Layer",,,
PRESSURE-OUT,32.015597,17.07811,32.09178,17.154293,0.009842,"Top Layer",,,
PRESSURE-OUT,31.960512,17.07811,32.015597,17.07811,0.009842,"Top Layer",,,
5VFB,32.070004,17.508087,32.14271,17.580793,0.009842,"Top Layer",,,
5VFB,32.070004,17.157572,32.070004,17.508087,0.009842,"Top Layer",,,
5VFB,32.010227,17.097795,32.070004,17.157572,0.009842,"Top Layer",,,
5VFB,31.960512,17.097795,32.010227,17.097795,0.009842,"Top Layer",,,
SENSOR9,32.052287,17.515426,32.135371,17.59851,0.009842,"Top Layer",,,
SENSOR9,32.052287,17.238826,32.052287,17.515426,0.009842,"Top Layer",,,
SENSOR9,32.009681,17.19622,32.052287,17.238826,0.009842,"Top Layer",,,
SENSOR9,31.960512,17.19622,32.009681,17.19622,0.009842,"Top Layer",,,
SENSOR8,32.034571,17.522764,32.132193,17.620386,0.009842,"Top Layer",,,
SENSOR8,32.034571,17.246165,32.034571,17.522764,0.009842,"Top Layer",,,
SENSOR8,32.004311,17.215905,32.034571,17.246165,0.009842,"Top Layer",,,
SENSOR8,31.960512,17.215905,32.004311,17.215905,0.009842,"Top Layer",,,
AUX4-OUT,32.561378,16.94374,32.586969,16.94374,0.009842,"Top Layer",,,
AUX1-OUT,32.561378,17.175078,32.586969,17.175078,0.009842,"Top Layer",,,
AUX4-OUT,32.586969,16.94374,32.586969,16.985748,0.009842,"Top Layer",,,
AUX4-OUT,31.960512,16.822204,32.08274,16.822204,0.009842,"Top Layer",,,
AUX3-OUT,32.074996,16.841889,32.286531,17.053425,0.009842,"Top Layer",,,
AUX3-OUT,31.960512,16.841889,32.074996,16.841889,0.009842,"Top Layer",,,
AUX2-OUT,32.148366,16.940315,32.281558,17.073506,0.009842,"Top Layer",,,
AUX2-OUT,31.960512,16.940315,32.148366,16.940315,0.009842,"Top Layer",,,
SENSOR6,31.963465,15.951866,32.05669,15.951866,0.009842,"Top Layer",,,
SENSOR7,31.963465,15.932181,32.062059,15.932181,0.009842,"Top Layer",,,
DRIVE4,30.952002,16.227457,30.971446,16.2469,0.007874,"Top Layer",,,
DRIVE4,30.971446,16.2469,30.971446,16.246901,0.007874,"Top Layer",,,
DRIVE4,30.915041,16.227457,30.952002,16.227457,0.007874,"Top Layer",,,
DRIVE5,31.013204,16.288659,31.013204,16.288659,0.007874,"Top Layer",,,
DRIVE5,30.975295,16.309981,30.991882,16.309981,0.007874,"Top Layer",,,
DRIVE5,30.991882,16.309981,31.013204,16.288659,0.007874,"Top Layer",,,
VDD,30.556706,16.458535,30.609541,16.51137,0.01,"Top Layer",,,
VDD,30.556351,16.458535,30.556706,16.458535,0.01,"Top Layer",,,
VDD,30.638349,16.373582,30.638349,16.373754,0.01,"Top Layer",,,
VDD,30.767066,16.251312,30.818332,16.302578,0.01,"Top Layer",,,
VDD,30.818332,16.302578,30.832252,16.288659,0.01,"Top Layer",,,
NetR6_1,30.351055,16.769387,30.395913,16.724529,0.01,"Top Layer",,,
NetR6_1,30.351055,16.769387,30.351055,16.769387,0.01,"Top Layer",,,
NetR6_1,30.351055,16.769387,30.427104,16.845436,0.01,"Top Layer",,,
NetR6_1,30.427104,16.845436,30.539944,16.845436,0.01,"Top Layer",,,
NetR6_1,30.62346,16.761919,30.62346,16.761919,0.01,"Top Layer",,,
NetR6_1,30.539944,16.845436,30.62346,16.761919,0.01,"Top Layer",,,
NetR6_1,30.395913,16.724529,30.398437,16.724529,0.01,"Top Layer",,,
VDD,30.445763,16.677203,30.493823,16.725263,0.01,"Top Layer",,,
VDD,30.493823,16.725263,30.493823,16.726321,0.01,"Top Layer",,,
VDD,30.539944,16.678403,30.539944,16.67955,0.01,"Top Layer",,,
VDD,30.517653,16.70184,30.539944,16.67955,0.01,"Top Layer",,,
VDD,30.517653,16.70184,30.517653,16.70249,0.01,"Top Layer",,,
VDD,30.493823,16.726321,30.517653,16.70249,0.01,"Top Layer",,,
VDD,30.971446,17.012469,31.020145,17.061168,0.01,"Top Layer",,,
GPIO3,30.540965,16.901114,30.631147,16.810932,0.01,"Top Layer",,,
GPIO4,30.536808,16.877431,30.617227,16.797012,0.01,"Top Layer",,,
GPIO4,30.617227,16.795991,30.617227,16.797012,0.01,"Top Layer",,,
GPIO4,30.617227,16.795991,30.63738,16.775839,0.01,"Top Layer",,,
GPIO3,30.631147,16.809911,30.631147,16.810932,0.01,"Top Layer",,,
GPIO3,30.631147,16.809911,30.651299,16.789758,0.01,"Top Layer",,,
GPIO1,30.629544,16.89503,30.693057,16.831517,0.01,"Top Layer",,,
SDADC18,31.505499,15.991236,31.665197,15.991236,0.01,"Top Layer",,,
SDADC17,31.51703,15.951866,31.665197,15.951866,0.01,"Top Layer",,,
SDADC12,31.393727,16.186524,31.456618,16.186524,0.01,"Top Layer",,,
SDADC12,31.456618,16.186524,31.477865,16.207772,0.01,"Top Layer",,,
SDADC13,31.401881,16.206209,31.44668,16.206209,0.01,"Top Layer",,,
SDADC13,31.44668,16.206209,31.487613,16.247142,0.01,"Top Layer",,,
SDADC14,31.509292,16.325882,31.665197,16.325882,0.01,"Top Layer",,,
SDADC15,31.523385,16.365252,31.665197,16.365252,0.01,"Top Layer",,,
SDADC12,31.477865,16.207772,31.665197,16.207772,0.01,"Top Layer",,,
SDADC13,31.487613,16.247142,31.665197,16.247142,0.01,"Top Layer",,,
SDADC17,31.096721,16.372175,31.51703,15.951866,0.01,"Top Layer",,,
SDADC18,31.11064,16.386095,31.505499,15.991236,0.01,"Top Layer",,,
SDADC19,31.12456,16.400014,31.37742,16.147154,0.01,"Top Layer",,,
SDADC11,31.138479,16.413934,31.385574,16.166839,0.01,"Top Layer",,,
SDADC12,31.152398,16.427853,31.393727,16.186524,0.01,"Top Layer",,,
SDADC13,31.166318,16.441773,31.401881,16.206209,0.01,"Top Layer",,,
SDADC34,31.208076,16.775839,31.485662,17.053425,0.01,"Top Layer",,,
SDADC34,31.50158,17.097612,31.516414,17.097612,0.01,"Top Layer",,,
SDADC34,31.516414,17.097612,31.516597,17.097795,0.01,"Top Layer",,,
SDADC34,31.485662,17.081694,31.50158,17.097612,0.01,"Top Layer",,,
SDADC34,31.485662,17.053425,31.485662,17.081694,0.01,"Top Layer",,,
SDADC35,31.465566,17.091223,31.511508,17.137165,0.01,"Top Layer",,,
SDADC35,31.511508,17.137165,31.662244,17.137165,0.01,"Top Layer",,,
SDADC35,31.194157,16.789758,31.465566,17.061167,0.01,"Top Layer",,,
SDADC36,31.180237,16.803678,31.444066,17.067506,0.01,"Top Layer",,,
SDADC36,31.444066,17.067506,31.444066,17.158391,0.01,"Top Layer",,,
SDADC35,31.465566,17.061167,31.465566,17.091223,0.01,"Top Layer",,,
SDADC36,31.444066,17.158391,31.50158,17.215905,0.01,"Top Layer",,,
SDADC36,31.50158,17.215905,31.662244,17.215905,0.01,"Top Layer",,,
SDADC37,31.166318,16.817597,31.426026,17.077305,0.01,"Top Layer",,,
SDADC37,31.426026,17.077305,31.426026,17.102386,0.01,"Top Layer",,,
SDADC37,31.426192,17.102386,31.426192,17.193749,0.01,"Top Layer",,,
SDADC37,31.487718,17.255275,31.662244,17.255275,0.01,"Top Layer",,,
SDADC37,31.426192,17.193749,31.487718,17.255275,0.01,"Top Layer",,,
SDADC34,31.516597,17.097795,31.662244,17.097795,0.01,"Top Layer",,,
SDADC33,31.459446,16.99937,31.662244,16.99937,0.01,"Top Layer",,,
SDADC33,31.221996,16.761919,31.459446,16.99937,0.01,"Top Layer",,,
SDADC32,31.447915,16.96,31.662244,16.96,0.01,"Top Layer",,,
SDADC32,31.235915,16.748,31.447915,16.96,0.01,"Top Layer",,,
SDADC31,31.397014,16.88126,31.662244,16.88126,0.01,"Top Layer",,,
SDADC31,31.249835,16.734081,31.397014,16.88126,0.01,"Top Layer",,,
Unconnected_Net,28.437992,14.802792,33.437992,14.802792,0,"Top Layer",,,
Unconnected_Net,33.437992,14.802792,33.438139,14.802652,0,"Top Layer",,,
Unconnected_Net,33.438139,14.802652,33.438139,18.227849,0,"Top Layer",,,
Unconnected_Net,33.438139,18.227849,33.438037,18.227777,0,"Top Layer",,,
Unconnected_Net,33.438037,18.227777,28.438037,18.227777,0,"Top Layer",,,
Unconnected_Net,28.438037,18.227777,28.437812,18.228163,0,"Top Layer",,,
Unconnected_Net,28.437812,18.228163,28.437992,14.802792,0,"Top Layer",,,
Unconnected_Net,28.437992,14.802792,33.437992,14.802792,0,"Bottom Layer",,,
Unconnected_Net,33.437992,14.802792,33.438139,14.802652,0,"Bottom Layer",,,
Unconnected_Net,33.438139,14.802652,33.438139,18.227849,0,"Bottom Layer",,,
Unconnected_Net,33.438139,18.227849,33.438037,18.227777,0,"Bottom Layer",,,
Unconnected_Net,33.438037,18.227777,28.438037,18.227777,0,"Bottom Layer",,,
Unconnected_Net,28.438037,18.227777,28.437812,18.228163,0,"Bottom Layer",,,
Unconnected_Net,28.437812,18.228163,28.437992,14.802792,0,"Bottom Layer",,,
